{"cameraMode":{"drawMode":0,"name":"Shaded","section":"Shading Mode"},"sceneLighting":true,"audioPlay":false,"sceneViewState":{"showFog":true,"showMaterialUpdate":false,"showSkybox":true,"showFlares":true,"showImageEffects":true,"showParticleSystems":true},"in2DMode":false,"pivot":{"x":10.48869800567627,"y":-28.409271240234376,"z":24.535985946655275},"rotation":{"x":-0.2138039469718933,"y":0.7320403456687927,"z":-0.5899291038513184,"w":-0.2653084993362427},"size":164.5012664794922,"orthographic":false}